[{"id":"user-image-Untitled-1.png","publicUrl":"np://user.desktop.nicepage.com/Site_81328178/images/Untitled-1.png","size":11275,"fileName":"Untitled-1.png","name":"Untitled-1","width":216,"height":233,"thumbnail":{"url":"np://user.desktop.nicepage.com/Site_81328178/images/thumbnails/Untitled-1.png","width":216,"height":233,"length":11275,"type":"png"},"originalUrl":"//images01.nicepage.com/a1389d7bc73adea1e1c1fb7e/96bc64fbc523574a99f442b0/Untitled-1.png","usages":["39033157","73592069"]},{"id":"user-image-pexels-photo-3865712.jpeg","publicUrl":"np://user.desktop.nicepage.com/Site_81328178/images/pexels-photo-3865712.jpeg","size":54024,"fileName":"pexels-photo-3865712.jpeg","name":"pexels-photo-3865712","width":1000,"height":1500,"thumbnail":{"url":"np://user.desktop.nicepage.com/Site_81328178/images/thumbnails/pexels-photo-3865712.jpeg","width":167,"height":250},"originalUrl":"//images01.nicepage.com/a1389d7bc73adea1e1c1fb7e/c47f69e255bc58039ca2e239/pexels-photo-3865712.jpeg","usages":["39033157","73592069"]},{"id":"user-image-pexels-photo-4210315.jpeg","publicUrl":"np://user.desktop.nicepage.com/Site_81328178/images/pexels-photo-4210315.jpeg","size":176818,"fileName":"pexels-photo-4210315.jpeg","name":"pexels-photo-4210315","width":1620,"height":1080,"thumbnail":{"url":"np://user.desktop.nicepage.com/Site_81328178/images/thumbnails/pexels-photo-4210315.jpeg","width":250,"height":167},"originalUrl":"//images01.nicepage.com/a1389d7bc73adea1e1c1fb7e/979584cd59825779ae228a58/pexels-photo-4210315.jpeg","usages":["39033157","73592069"]},{"id":"user-image-pexels-photo-4210370.jpeg","publicUrl":"np://user.desktop.nicepage.com/Site_81328178/images/pexels-photo-4210370.jpeg","size":58628,"fileName":"pexels-photo-4210370.jpeg","name":"pexels-photo-4210370","width":720,"height":1080,"thumbnail":{"url":"np://user.desktop.nicepage.com/Site_81328178/images/thumbnails/pexels-photo-4210370.jpeg","width":167,"height":250},"originalUrl":"//images01.nicepage.com/a1389d7bc73adea1e1c1fb7e/f51597d879f75f55bf6ccbb0/pexels-photo-4210370.jpeg","usages":["39033157","73592069"]},{"id":"user-image-pexels-photo-3764552.jpeg","publicUrl":"np://user.desktop.nicepage.com/Site_81328178/images/pexels-photo-3764552.jpeg","size":73194,"fileName":"pexels-photo-3764552.jpeg","name":"pexels-photo-3764552","width":1620,"height":1080,"thumbnail":{"url":"np://user.desktop.nicepage.com/Site_81328178/images/thumbnails/pexels-photo-3764552.jpeg","width":250,"height":167},"originalUrl":"//images01.nicepage.com/a1389d7bc73adea1e1c1fb7e/6b37395904a45cf7b93fa9f9/pexels-photo-3764552.jpeg","usages":["39033157","73592069"]},{"id":"user-image-pexels-photo-4202328.jpeg","publicUrl":"np://user.desktop.nicepage.com/Site_81328178/images/pexels-photo-4202328.jpeg","size":36379,"fileName":"pexels-photo-4202328.jpeg","name":"pexels-photo-4202328","width":1000,"height":1500,"thumbnail":{"url":"np://user.desktop.nicepage.com/Site_81328178/images/thumbnails/pexels-photo-4202328.jpeg","width":167,"height":250},"originalUrl":"//images01.nicepage.com/a1389d7bc73adea1e1c1fb7e/7e4a79576def5b5ca91d78f3/pexels-photo-4202328.jpeg","usages":["39033157","73592069"]},{"id":"user-image-pexels-photo-3757942.jpeg","publicUrl":"np://user.desktop.nicepage.com/Site_81328178/images/pexels-photo-3757942.jpeg","size":80445,"fileName":"pexels-photo-3757942.jpeg","name":"pexels-photo-3757942","width":1620,"height":1080,"thumbnail":{"url":"np://user.desktop.nicepage.com/Site_81328178/images/thumbnails/pexels-photo-3757942.jpeg","width":250,"height":167},"originalUrl":"//images01.nicepage.com/a1389d7bc73adea1e1c1fb7e/da25f7e8644c5ab2b3558063/pexels-photo-3757942.jpeg","usages":["39033157","73592069"]},{"id":"user-image-pexels-photo-4210338.jpeg","publicUrl":"np://user.desktop.nicepage.com/Site_81328178/images/pexels-photo-4210338.jpeg","size":103348,"fileName":"pexels-photo-4210338.jpeg","name":"pexels-photo-4210338","width":1620,"height":1080,"thumbnail":{"url":"np://user.desktop.nicepage.com/Site_81328178/images/thumbnails/pexels-photo-4210338.jpeg","width":250,"height":167},"originalUrl":"//images01.nicepage.com/a1389d7bc73adea1e1c1fb7e/2b5a0f7938025b0a99dabd91/pexels-photo-4210338.jpeg","usages":["39033157","73592069"]},{"id":"user-image-pexels-photo-374148.jpeg","publicUrl":"np://user.desktop.nicepage.com/Site_81328178/images/pexels-photo-374148.jpeg","size":93391,"fileName":"pexels-photo-374148.jpeg","name":"pexels-photo-374148","width":1000,"height":1500,"thumbnail":{"url":"np://user.desktop.nicepage.com/Site_81328178/images/thumbnails/pexels-photo-374148.jpeg","width":167,"height":250},"originalUrl":"//images01.nicepage.com/a1389d7bc73adea1e1c1fb7e/84a41a8ba4da5fc4a6032c57/pexels-photo-374148.jpeg","usages":["39033157","73592069"]},{"id":"user-image-3057304.png","publicUrl":"np://user.desktop.nicepage.com/Site_81328178/images/3057304.png","size":3459,"fileName":"3057304.png","name":"3057304","width":128,"height":128,"thumbnail":{"url":"np://user.desktop.nicepage.com/Site_81328178/images/thumbnails/3057304.png","width":128,"height":128,"length":3459,"type":"png"},"usages":[]},{"id":"user-image-2444875.png","publicUrl":"np://user.desktop.nicepage.com/Site_81328178/images/2444875.png","size":3974,"fileName":"2444875.png","name":"2444875","width":128,"height":128,"thumbnail":{"url":"np://user.desktop.nicepage.com/Site_81328178/images/thumbnails/2444875.png","width":128,"height":128,"length":3974,"type":"png"},"usages":[]},{"id":"user-image-32195.png","publicUrl":"np://user.desktop.nicepage.com/Site_81328178/images/32195.png","size":888,"fileName":"32195.png","name":"32195","width":128,"height":128,"thumbnail":{"url":"np://user.desktop.nicepage.com/Site_81328178/images/thumbnails/32195.png","width":128,"height":128,"length":888,"type":"png"},"usages":[]},{"id":"user-image-1996976.png","publicUrl":"np://user.desktop.nicepage.com/Site_81328178/images/1996976.png","size":5110,"fileName":"1996976.png","name":"1996976","width":128,"height":128,"thumbnail":{"url":"np://user.desktop.nicepage.com/Site_81328178/images/thumbnails/1996976.png","width":128,"height":128,"length":5110,"type":"png"},"usages":[]},{"id":"user-image-823885.png","publicUrl":"np://user.desktop.nicepage.com/Site_81328178/images/823885.png","size":5804,"fileName":"823885.png","name":"823885","width":128,"height":128,"thumbnail":{"url":"np://user.desktop.nicepage.com/Site_81328178/images/thumbnails/823885.png","width":128,"height":128,"length":5804,"type":"png"},"usages":[]}]